JimGerlach	PA	R	house	RepRichardNeal	Wed Apr 02 15:49:12 +0000 2014	-18000	Working w/ @RepRichardNeal on a bipartisan bill to make successful job-creation, econ growth tool permanent #NMTC http://t.co/gZpk15MlGn
JimGerlach	PA	R	house	MLiSsA26,JimGerlach	Wed Mar 12 18:18:14 +0000 2014	-18000	RT @MLiSsA26: @JimGerlach thanks for making time to meet with us even though you were so busy!! #HillDay http://t.co/CtfCkgSiSC
JimGerlach	PA	R	house	TGowdySC	Wed Mar 12 18:10:26 +0000 2014	-18000	Will be on House floor shortly supporting @TGowdySC bill HR 4138 to stop executive overreach. Watch live http://t.co/OXo9X8T5eQ
JimGerlach	PA	R	house		Fri Mar 07 01:27:02 +0000 2014	-18000	Ukrainian singer Ruslana Lyzhychko is a courageous voice for freedom. Told Putin to keep his hands off #Ukraine http://t.co/bPFagmEkTv
JimGerlach	PA	R	house	ConnorBarwin98	Wed Mar 05 20:50:45 +0000 2014	-18000	Get moving! It's what NFL QBs do when @ConnorBarwin98 is blitzing and how our kids can stay fit #sfianhtf14 http://t.co/Kls4KLqZzV
JimGerlach	PA	R	house	RepGoodlatte,HouseJudiciary	Wed Mar 05 00:57:19 +0000 2014	-18000	Thanks to @RepGoodlatte and @HouseJudiciary for working with me to stop executive #overreach http://t.co/foij1wJw1Q
JimGerlach	PA	R	house		Mon Mar 03 19:00:31 +0000 2014	-18000	Frustrated by pace with which Obama Admin and EU have responded to Russian occupation of #Ukraine.  http://t.co/HaTdGnSGi6
JimGerlach	PA	R	house		Sun Mar 02 15:29:32 +0000 2014	-18000	U.S. &amp; NATO need to evaluate regional security issues in wake of Russia's aggression in #Ukraine http://t.co/13frpQwaBr
JimGerlach	PA	R	house		Sat Mar 01 14:52:18 +0000 2014	-18000	Russia's aggression in #Ukraine must be met with a proportional response from POTUS and our allies. http://t.co/eEJ65WIWVv
JimGerlach	PA	R	house	SamOrnelas1	Thu Feb 27 03:14:13 +0000 2014	-18000	@SamOrnelas1 give Wes Stefanick in my DC office a call at 202.225.4315 and he can help with tour request.
JimGerlach	PA	R	house	HouseJudiciary	Wed Feb 26 15:13:43 +0000 2014	-18000	Getting ready to discuss restoring Constitutional balance between Congress &amp; POTUS before @HouseJudiciary. Tune in http://t.co/RdaujROY4R
JimGerlach	PA	R	house		Thu Feb 06 16:12:54 +0000 2014	-18000	Power still out in Exton Office. You can reach us in Wyomissing at 610.376.7630 or Trappe at 610.409.2780 for help with fed issues.
JimGerlach	PA	R	house		Wed Feb 05 19:42:45 +0000 2014	-18000	Our Trappe Office has been without power for 2 hours so we have now closed. Wyomissing Office and DC office still open to help.
JimGerlach	PA	R	house	PottstownNews,MercuryX	Wed Feb 05 17:25:53 +0000 2014	-18000	RT @PottstownNews: 86% of Chester County towns without power, according to #PECO. Here is the town by town list: https://t.co/jgHrq1AiQ7 @M…
JimGerlach	PA	R	house	PottstownNews,MercuryX	Wed Feb 05 17:23:03 +0000 2014	-18000	RT @PottstownNews: 59% of Montco without power according to #PECO. Here's the town by town list: https://t.co/cO1NItKzj2 @MercuryX
JimGerlach	PA	R	house		Wed Feb 05 17:18:53 +0000 2014	-18000	Ice storm has knocked out power in our Exton Office. Here's how to contact us today and report outages http://t.co/GDnOIaD6pc
JimGerlach	PA	R	house		Mon Feb 03 13:17:39 +0000 2014	-18000	All of our District Offices are closed today. Our DC office is open to help constituents at 202.225.4315. Stay safe everyone.
JimGerlach	PA	R	house		Wed Jan 29 04:09:44 +0000 2014	-18000	Here's what I thought about #SOTU. What's your reaction? http://t.co/DgR0ZqQ8Nf
JimGerlach	PA	R	house	WaysandMeansGOP	Wed Jan 29 02:28:55 +0000 2014	-18000	RT @WaysandMeansGOP: #TaxReform means closing loopholes so we can lower tax rates for American families &amp; grow the economy #SOTU
JimGerlach	PA	R	house	kevbrog	Wed Jan 29 00:51:02 +0000 2014	-18000	@kevbrog wow. Tweet has more responses than you have followers. Thanks for contributing to the civil dialogue tonight.
JimGerlach	PA	R	house		Tue Jan 28 22:40:12 +0000 2014	-18000	When POTUS calls for bypassing Congress, he's really calling for bypassing American ppl. Here's how to prevent it. http://t.co/54iDx41iYi
JimGerlach	PA	R	house	TalkRadio1210	Thu Jan 23 17:36:25 +0000 2014	-18000	Will be on @TalkRadio1210 at 3:35 PM discussing my bill to have the President fulfill his duty to #EnforceAllLaws http://t.co/xjJnXGL94A
JimGerlach	PA	R	house		Tue Jan 14 16:17:49 +0000 2014	-18000	Time for president to enforce all laws or come to Congress if he wants them changed http://t.co/xjJnXGL94A #TakeCareClause
JimGerlach	PA	R	house	RepJoePitts	Fri Jan 10 16:42:23 +0000 2014	-18000	Bill I co-sponsored and @RepJoePitts wrote protecting your personal info from ObamaCare "glitches" sent to Senate http://t.co/9Jm4uzS5Az
JimGerlach	PA	R	house	cspanwj	Thu Jan 09 23:33:09 +0000 2014	-18000	Covered a lot of ground with @cspanwj this morning http://t.co/x2GauhWn8B
JimGerlach	PA	R	house	cspanwj	Thu Jan 09 13:30:54 +0000 2014	-18000	Will be discussing  tax reform prospects and other issues with @cspanwj in a few minutes
JimGerlach	PA	R	house	RepMeehan,JimGerlach,WeAreALPA,AirlinesDotOrg,afa_cwa	Wed Dec 18 15:57:56 +0000 2013	-18000	RT @RepMeehan: Joining @JimGerlach @WeAreALPA @AirlinesDotOrg &amp; @AFA_CWA to fight for level playing field for our airline industry http://t…
JimGerlach	PA	R	house		Fri Dec 13 19:50:52 +0000 2013	-18000	Cira Center in Philly will shine in blue &amp; yellow tonight &amp; 2morrow in support of peaceful protests in Ukraine http://t.co/UzfutQZoVw
JimGerlach	PA	R	house		Tue Nov 26 20:35:10 +0000 2013	-18000	Phoebe Berks in Wernersville for a legislative update. Always great listening to constituents and hearing your ideas http://t.co/fTZHW5P7Mo
JimGerlach	PA	R	house		Sun Nov 17 16:58:59 +0000 2013	-18000	#2 Pelosi's refusal to level with Americans about flawed health care law simply breath-taking.
JimGerlach	PA	R	house		Sun Nov 17 16:57:56 +0000 2013	-18000	#1 Rep. Pelosi on MTP still denying she misled Americans even after POTUS admitted 'if u like your plan u can keep it' was untrue.
JimGerlach	PA	R	house		Fri Nov 15 19:36:49 +0000 2013	-18000	You should be able to #KeepYourHealthPlan even if President can't keep his word http://t.co/h1f3Ko4PiH
JimGerlach	PA	R	house		Mon Nov 11 19:48:20 +0000 2013	-18000	Privileged to recognize the service of our veterans and their families today at Valley Forge National Park. http://t.co/FF2VVl9pTF
JimGerlach	PA	R	house		Thu Nov 07 14:42:42 +0000 2013	-18000	WaPo: "The administration’s effort to pin the blame on insurance companies is a classic case of misdirection" http://t.co/lqq3XfNvXI
JimGerlach	PA	R	house		Wed Nov 06 20:21:05 +0000 2013	-18000	Great discussion at Omni Cable in West Goshen this AM. Employee-owned biz distributes specialty wire &amp; cable http://t.co/GM0xdq23ZL
JimGerlach	PA	R	house	NPF	Tue Oct 29 22:06:37 +0000 2013	-18000	Thanks to @NPF for their work on behalf of the 7.5 million Americans living with psoriasis and psoriatic arthritis #NationalPsoriasisDay
JimGerlach	PA	R	house	cspanvl	Tue Oct 29 21:47:02 +0000 2013	-18000	Working to get answers about health care law's rocky rollout @CSPANVL http://t.co/ptJgw6Dqce
JimGerlach	PA	R	house	JonEMTP,WCUCRs,JimGerlach	Mon Oct 21 23:28:29 +0000 2013	-18000	RT @JonEMTP: @WCUCRs meeting with @JimGerlach (@ Emilie K Asplundh Hall) http://t.co/B7IsifPWBv
JimGerlach	PA	R	house		Thu Oct 17 03:02:07 +0000 2013	-18000	Voted with 284 House colleagues to reopen fed govt for all and pay our bills on time. More work ahead http://t.co/IhIXF8tCAA
JimGerlach	PA	R	house		Fri Oct 11 13:42:50 +0000 2013	-18000	Berks Co taxpayers and workers brace for side effects of health care law http://t.co/lrVUreQUdi
JimGerlach	PA	R	house		Thu Oct 10 15:08:34 +0000 2013	-18000	No cavities? U still will get drilled by ObamaCare tax on dentists. We have bipartisan support to repeal it http://t.co/I8xx6fm2h0
JimGerlach	PA	R	house		Wed Oct 09 19:24:51 +0000 2013	-18000	Bipartisan agreement that families of fallen troops should not be forced to wait for compensation. House passed bill to end delays 425-0.
JimGerlach	PA	R	house		Mon Oct 07 15:38:38 +0000 2013	-18000	ICYMI: Inquirer op-ed on where my House colleagues from PA-NJ and I stand on ending #shutdown http://t.co/XJGXuKAsgd
JimGerlach	PA	R	house		Tue Oct 01 15:24:13 +0000 2013	-18000	My offices will remain open to serve constituents http://t.co/D2bvQhNre6
JimGerlach	PA	R	house		Sun Sep 29 14:12:45 +0000 2013	-18000	POTUS handed 1-year delay to big businesses and 79 Sens back ending med device tax. No need for a shutdown http://t.co/fY45QBWwia
JimGerlach	PA	R	house		Fri Sep 20 15:42:15 +0000 2013	-18000	Time for those in Senate who have drawn a red line on defunding ObamaCare to show they are ready to lead http://t.co/jzlc1xsG2N
JimGerlach	PA	R	house		Thu Sep 19 14:34:54 +0000 2013	-18000	House is ready to work on solutions for cutting debt that kills jobs and soon will dwarf our economy. The President? http://t.co/Mgnn1LuLYa
JimGerlach	PA	R	house	ConstituteUS	Tue Sep 17 19:42:19 +0000 2013	-18000	Commemorated the 226th anniversary of the signing of our Constitution with @ConstituteUS at Independence Hall http://t.co/uPZwsGcz7C
JimGerlach	PA	R	house		Fri Sep 13 17:02:18 +0000 2013	-18000	Tougher for puppy mills to profit online thanks to much-needed measure http://t.co/Ofjif8jQk4
JimGerlach	PA	R	house		Wed Sep 11 15:37:40 +0000 2013	-18000	We will always remember this solemn anniversary http://t.co/8M3qDsVhsF
JimGerlach	PA	R	house		Fri Sep 06 17:03:35 +0000 2013	-18000	Visiting Lebanon County's largest private-sector employer - Bayer. Asprin and Aleve made here. http://t.co/zx9sFIOscy
JimGerlach	PA	R	house		Wed Aug 28 20:53:41 +0000 2013	-18000	Statement on Syria http://t.co/Mgnn1LuLYa
JimGerlach	PA	R	house	GaryRnel	Wed Aug 28 20:34:51 +0000 2013	-18000	Thanks to @GaryRnel for asking the key questions that the POTUS needs to answer before taking any military action in Syria.
JimGerlach	PA	R	house		Wed Aug 28 19:11:36 +0000 2013	-18000	Legislative update with residents at Spring Mill near Kimberton http://t.co/x2rMeAriWl
JimGerlach	PA	R	house		Sat Aug 24 15:44:09 +0000 2013	-18000	Thanks to the more than 2,600 Chester &amp; Lebanon Co folks who joined us for tele-town hall this AM http://t.co/odYzSp5E0J
JimGerlach	PA	R	house	DentPressShop	Fri Aug 23 16:57:09 +0000 2013	-18000	A little baloney and a lot of great discussion at the Lebanon Farmers Market with @DentPressShop http://t.co/usK7WsImwY
JimGerlach	PA	R	house	SenToomey,JimGerlach,Xenolite	Tue Aug 20 16:20:15 +0000 2013	-18000	RT @SenToomey: Rep @JimGerlach &amp; I toured @Xenolite, an x-ray protection product manufacturer in Norristown this morning http://t.co/Qxg1FB…
JimGerlach	PA	R	house		Mon Jul 29 14:20:24 +0000 2013	-18000	Increases national security risks, possibly unconstitutional http://t.co/n2JwmNaOzA #NSAFacts
JimGerlach	PA	R	house		Mon Jul 22 12:45:12 +0000 2013	-18000	Legislative update with Bill Mason on WCHE-1520 AM right now
JimGerlach	PA	R	house	NPCA	Thu Jul 18 15:20:22 +0000 2013	-18000	PA is home to 18 great National Parks so I'm honored to receive Friend of National Parks Award from @NPCA   http://t.co/jUF1yQ1Eeg
JimGerlach	PA	R	house		Wed Jul 10 15:31:03 +0000 2013	-18000	Hearing from small biz this morning about White House 1-yr. delay of disastrous employer mandate. Watch it live http://t.co/sQxMsubYZw
JimGerlach	PA	R	house	MaryYoungRE	Wed Jul 10 15:05:03 +0000 2013	-18000	@MaryYoungRE examines how my flu-shot legislation, which was enacted in June, will improve public health http://t.co/Yw2L0ZcYfs
JimGerlach	PA	R	house		Tue Jul 09 16:36:26 +0000 2013	-18000	Why were American families left out of WH decision to delay disastrous health care law mandates? http://t.co/QmkOd5XCSs
JimGerlach	PA	R	house		Sat Jun 01 20:53:01 +0000 2013	-18000	Happy 40th Anniversary to the Charlestown Historical Society - hard-working volunteers committed to keeping open that "window on the past"
JimGerlach	PA	R	house		Sat Jun 01 20:37:43 +0000 2013	-18000	Pottstown Relay for Life opening ceremony this morning -- one of largest relay events in the world. http://t.co/KSnK2i5HO8
JimGerlach	PA	R	house	DASD_LMS,JimGerlach	Thu May 30 17:52:11 +0000 2013	-18000	RT @DASD_LMS: Thanks to Rep. @JimGerlach for visiting LMS this morning and speaking to our students about making good choices. http://t.co/…
JimGerlach	PA	R	house		Thu May 30 02:11:53 +0000 2013	-18000	@GallenofMilk13 congratulations to you and all the students in PA-6 who worked hard to earn the award. Have a great summer.
JimGerlach	PA	R	house	DentPressShop	Sat May 25 16:35:07 +0000 2013	-18000	Joined @DentPressShop in Annville this AM for Memorial Day Parade honoring our fallen heroes and those still MIA http://t.co/Oq6iWw6osP
JimGerlach	PA	R	house	BillyRayKDKA	Fri May 17 20:39:09 +0000 2013	-18000	Connecting with @BillyRayKDKA to discuss today's hearing on #IRS inappropriately targeting conservative groups
JimGerlach	PA	R	house		Fri May 17 20:30:32 +0000 2013	-18000	Citizens deserve to be treated impartially and know that the IRS will not share private info inappropriately http://t.co/gFdGnHBOVP
JimGerlach	PA	R	house	DomShow1210	Fri May 17 16:03:01 +0000 2013	-18000	Will be discussing today's #IRS hearing with @DomShow1210 at 12:05 PM.
JimGerlach	PA	R	house	WaysandMeansGOP	Fri May 17 14:13:36 +0000 2013	-18000	Hearing looking into #IRS singling out conservative groups streaming live @WaysandMeansGOP.
JimGerlach	PA	R	house	WaysandMeansGOP	Wed May 15 00:18:02 +0000 2013	-18000	RT @WaysandMeansGOP: 7 inappropriate questions asked of conservative groups by #IRS http://t.co/l53kbRf99x
JimGerlach	PA	R	house		Tue May 14 22:32:44 +0000 2013	-18000	How'd I vote? My take on evolving IRS fiasco? Don't miss another free issue http://t.co/ACZ8f7aBR0
JimGerlach	PA	R	house	BillyRayKDKA,WaysandMeansGOP	Mon May 13 20:29:33 +0000 2013	-18000	Joining @BillyRayKDKA at 4:35 PM to discuss IRS admission that it targeted conservative groups and @WaysandMeansGOP holds hearing Friday
JimGerlach	PA	R	house	DomShow1210	Mon May 13 15:10:21 +0000 2013	-18000	Will be discussing IRS targeting groups with @DomShow1210 shortly http://t.co/0PZr7vEFjX
JimGerlach	PA	R	house	phillymag,LarryMendte	Fri Apr 26 20:55:03 +0000 2013	-18000	@phillymag @LarryMendte sent you a response and hope to see it published soon. Read the bill: there are no new taxes http://t.co/BsQm16Igiq
JimGerlach	PA	R	house	NPF,JerRScott	Wed Apr 24 16:32:58 +0000 2013	-18000	Thanks to @NPF reps for visiting DC office today and @JerRScott for sharing photo #psoriasis http://t.co/oU5HSh79Gn
JimGerlach	PA	R	house	VictoryBeer	Wed Apr 24 13:40:29 +0000 2013	-18000	PA-based small breweries make world-class products. Congrats to @VictoryBeer and others for putting us on the map http://t.co/jvcb81gatW
JimGerlach	PA	R	house		Wed Apr 03 18:20:26 +0000 2013	-18000	Listened to Chester Co manufacturers about what tax policies are needed to keep American companies growing http://t.co/XI2XPtqQK4
JimGerlach	PA	R	house		Wed Apr 03 16:36:28 +0000 2013	-18000	Small BREW Act would create about 5,000 American jobs in first 18 mos and about 400 jobs after that.
JimGerlach	PA	R	house	FoxBusiness	Wed Apr 03 16:33:11 +0000 2013	-18000	Will be on @FoxBusiness at 12:40 PM talking Small BREW Act aimed at locally-owned biz that produce world-class products
JimGerlach	PA	R	house	RepRichardNeal	Fri Mar 29 18:27:49 +0000 2013	-18000	Working with @RepRichardNeal on Small BREW Act to give locally-owned biz a chance to create jobs and grow http://t.co/lKUXRUrdXK
JimGerlach	PA	R	house	BizRoundtable,LAKings	Wed Mar 27 16:18:53 +0000 2013	-18000	RT @BizRoundtable: Darryl Sutter to bend Obama’s ear about Keystone XL pipeline http://t.co/GBRUIRd25J Coah of @LAKings #KeystoneXL Did  ...
JimGerlach	PA	R	house		Wed Mar 27 15:57:56 +0000 2013	-18000	Berks Encore provides outstanding service to seniors needing help with tax returns http://t.co/5BnaFOEmp0
JimGerlach	PA	R	house		Tue Mar 26 15:47:24 +0000 2013	-18000	Thanks to all the farmers in my District who work sunrise 2 sundown so families can put food on the table #AGDay http://t.co/KPYiGs6Ut9
JimGerlach	PA	R	house		Thu Mar 21 19:30:04 +0000 2013	-18000	Why I support balancing the budget and strengthening Medicare for all generations http://t.co/Gd7HTKngrP
JimGerlach	PA	R	house		Fri Mar 08 18:14:45 +0000 2013	-18000	The Fonz and the sequester have something in common apparently. Cue the shark http://t.co/n3bPbbzafD #CutThisNotThat
JimGerlach	PA	R	house		Fri Mar 08 15:44:48 +0000 2013	-18000	Op-ed on why we need to be working on cutting wasteful spending, not raising taxes http://t.co/jQnDpATvgt
JimGerlach	PA	R	house		Thu Mar 07 18:21:23 +0000 2013	-18000	Higher health insurance costs won't make you happier than Dikembe Mutombo blocking a shot http://t.co/SjsnBDh1zm   #brokenpromises
JimGerlach	PA	R	house	RepWOLFPress	Wed Mar 06 17:51:53 +0000 2013	-18000	Working with @RepWOLFPress to get answers and demand accountability nearly 6 mos after Benghazi attack http://t.co/6NcNNFFfdC
JimGerlach	PA	R	house		Fri Mar 01 19:16:23 +0000 2013	-18000	Better ideas, not higher taxes, needed as we head into the sequester. Here's one way to save $40 billion a year http://t.co/J3GLm06GU0
JimGerlach	PA	R	house		Fri Mar 01 02:20:34 +0000 2013	-18000	A closer look at the White House rhetoric about what happens at 12:01 AM http://t.co/97gxFmqGxg
JimGerlach	PA	R	house	ReadingEagle	Tue Feb 26 14:51:46 +0000 2013	-18000	@ReadingEagle looks at White House's sequestration scare tactics http://t.co/AqzMWB7Pu5
JimGerlach	PA	R	house	GOPLeader	Mon Feb 25 17:38:53 +0000 2013	-18000	RT @GOPLeader: Let's go "line-by-line" instead of raising taxes. http://t.co/kcjm6W6s3Q
JimGerlach	PA	R	house		Mon Feb 25 17:36:22 +0000 2013	-18000	A few facts the President won't mention during his campaign against the sequester he created http://t.co/W9vXBBTrSO
JimGerlach	PA	R	house		Sat Feb 16 22:17:34 +0000 2013	-18000	Attended Lebanon County Bicentennial Celebration with Rep. Dent at the Leb Valley Expo Ctr http://t.co/tENZVSL0
JimGerlach	PA	R	house		Sat Feb 16 22:13:09 +0000 2013	-18000	Congratulations to Lebanon County as it turns 200 today http://t.co/2Xvj4U1f
JimGerlach	PA	R	house		Sat Feb 16 01:07:44 +0000 2013	-18000	Good to be back discussing issues of the day with Gary R'Nel on WPHT 1210 AM
JimGerlach	PA	R	house	WTFMPL,JimGerlach	Sat Feb 16 01:06:01 +0000 2013	-18000	RT @WTFMPL: We may not agree on much else, but I'm happy to receive an email from @JimGerlach about supporting independent, craft brewer ...
JimGerlach	PA	R	house	SenatorCardin,SenatorCollins,JimGerlach,RepBecerra	Fri Feb 15 19:35:07 +0000 2013	-18000	RT @SaveSeniors: Thank you @SenatorCardin ‏@SenatorCollins @JimGerlach @RepBecerra For Bipartisan Effort to Repeal Therapy Caps http://t ...
JimGerlach	PA	R	house	AGItweets	Fri Feb 15 19:31:29 +0000 2013	-18000	One of the most innovative companies in my District, @AGItweets, tracked #asteroid that buzzed earth a few mins ago.
JimGerlach	PA	R	house		Fri Feb 15 19:09:07 +0000 2013	-18000	Ways &amp; Means Subcommittee Assignments for this session http://t.co/YtLXqiMC
JimGerlach	PA	R	house		Fri Feb 15 18:48:56 +0000 2013	-18000	Serving on Health and Select Revenue Subcommittees. Looking forward to a heavy workload this session http://t.co/1G5orchc
JimGerlach	PA	R	house		Thu Feb 14 15:54:43 +0000 2013	-18000	Our working group will focus on practical tax reform to aid American manufacturers and their workers http://t.co/1G5orchc
JimGerlach	PA	R	house		Mon Feb 11 14:23:45 +0000 2013	-18000	Five months of stonewalling on Benghazi must end. Time for a House select committee to investigate http://t.co/RLQABZCG
JimGerlach	PA	R	house	VictoryBeer,JimGerlach,BrewersAssoc,BrewersofPA	Tue Feb 05 15:10:48 +0000 2013	-18000	RT @VictoryBeer: On our way to present Congressman @JimGerlach with Legislator Of The Year award from @BrewersAssoc. An honor for all! @ ...
JimGerlach	PA	R	house		Thu Jan 31 21:06:49 +0000 2013	-18000	Working to make SS#'s more secure and prevent fraud http://t.co/E8JpuAWY
JimGerlach	PA	R	house	RepThompson	Fri Jan 18 16:30:09 +0000 2013	-18000	Here's an idea that won the support of 300 House members last year. Thanks 2 @RepThompson for his work on this issue http://t.co/a4N0ePkE
JimGerlach	PA	R	house		Fri Jan 11 16:29:29 +0000 2013	-18000	Think our 4-million word tax code is enemy No. 1? Share your story with us http://t.co/E8JpuAWY
JimGerlach	PA	R	house		Wed Jan 02 04:27:56 +0000 2013	-18000	Choice between letting $4.6 trillion tax hike stand or repealing it and making lower rates permanent for 99% http://t.co/aPxtohpN
JimGerlach	PA	R	house	SenToomey	Sun Dec 30 23:09:11 +0000 2012	-18000	RT @SenToomey: Still hope to avert worst of #FiscalCliff to protect as many families as we can from tax hikes. Sadly, Democrats want mor ...
JimGerlach	PA	R	house		Thu Dec 20 21:49:42 +0000 2012	-18000	We can save billions in Medicare without restricting seniors' access to care. Here's how http://t.co/HB9VAUl2 #smartcard
JimGerlach	PA	R	house		Wed Dec 19 19:57:52 +0000 2012	-18000	Will be speaking on House floor shortly about a plan to curb $48B per year in improper Medicare payments http://t.co/ttRheg1R
JimGerlach	PA	R	house	RepTomMarino,RepMeehan	Thu Dec 13 21:02:21 +0000 2012	-18000	Thanks to @RepTomMarino and @RepMeehan for their work to put dog fighting rings out of business for good http://t.co/AzmuSCzJ
JimGerlach	PA	R	house	mainlinehealth	Tue Dec 11 15:19:20 +0000 2012	-18000	Paoli Hospital NICU staff and @mainlinehealth committed to providing exceptional care for newborns http://t.co/bINERmvz
JimGerlach	PA	R	house		Thu Dec 06 15:19:21 +0000 2012	-18000	So far, 47% say it would be better to go over fiscal cliff than fail to pass true spending reforms. Have your say here http://t.co/s4EtQKuQ
JimGerlach	PA	R	house		Wed Dec 05 18:00:59 +0000 2012	-18000	Guess who backed raising revenues without raising rates a few months ago  http://t.co/wxOhKl8v
JimGerlach	PA	R	house	WaysandMeansGOP,WhiteHouse	Mon Dec 03 18:40:37 +0000 2012	-18000	RT @WaysandMeansGOP: House GOP passed legislation to stop the #My2k tax hike on all Americans 4 months ago, where has the @whitehouse been?
JimGerlach	PA	R	house	TalkRadio1210	Sat Dec 01 01:01:24 +0000 2012	-18000	Time 4 president to stop toying around &amp; work with us to protect jobs. Will discuss #FiscalCliff with Gary R'Nel on @TalkRadio1210 soon.
JimGerlach	PA	R	house		Fri Nov 30 16:53:37 +0000 2012	-18000	Time to stop campaigning and start working on honest solutions to protect jobs, tackle spending and avoid #fiscalcliff http://t.co/6ifr7tOm
JimGerlach	PA	R	house	SquawkStreet	Fri Nov 30 15:19:05 +0000 2012	-18000	Getting ready to discuss need to protect jobs and avoid #fiscalcliff with @SquawkStreet at 10:30 AM
JimGerlach	PA	R	house		Fri Nov 30 15:13:09 +0000 2012	-18000	President's plan to raise tax rates instead of cutting spending would hurt Collegeville small biz owner http://t.co/JzFtk79o
JimGerlach	PA	R	house		Tue Nov 20 15:01:17 +0000 2012	-18000	German Ambassador Ammon visits with students at Downingtown STEM http://t.co/NERj6Anv
JimGerlach	PA	R	house		Sun Nov 11 16:49:02 +0000 2012	-18000	We will always remember the extraordinary service of our 22 million veterans and the sacrifices of their families #VeteransDay
JimGerlach	PA	R	house		Wed Nov 07 18:57:32 +0000 2012	-18000	Coatesville VA hosts Vietnam Traveling Wall thru Mon. Appreciate chance to thank all our vets for their service. http://t.co/pyz0eY0H
JimGerlach	PA	R	house		Thu Nov 01 00:00:03 +0000 2012	-18000	If you fired up a generator after #Sandy, please stay safe  http://t.co/ePm9iGlb
JimGerlach	PA	R	house	MercuryX	Tue Oct 30 14:01:14 +0000 2012	-18000	RT @MercuryX: http://t.co/zjOZZAV0 N. charlotte St. Shut down at Oak for downed wires. @ mercuryx
JimGerlach	PA	R	house	LowerPottsgrove	Tue Oct 30 14:00:56 +0000 2012	-18000	RT @LowerPottsgrove: If you are driving be prepared for detours due to repair &amp; cleanup crews and fallen trees &amp; wires.  Watch f ...
JimGerlach	PA	R	house		Tue Oct 30 13:57:37 +0000 2012	-18000	Road closure and other travel info http://t.co/3TvWRVmH
JimGerlach	PA	R	house	wcdailylocal	Mon Oct 29 22:57:36 +0000 2012	-18000	RT @wcdailylocal: All major major Philly-area roads closing at 7 p.m. http://t.co/DJUcIKdF
JimGerlach	PA	R	house		Mon Oct 29 18:59:50 +0000 2012	-18000	Google maps #Sandy predicted path and shelter locations in PA and NJ http://t.co/fnonPuTd
JimGerlach	PA	R	house	MCpublicsafety,RedCrossPhilly	Mon Oct 29 16:49:26 +0000 2012	-18000	RT @MCpublicsafety: @RedCrossPhilly needs volunteers at #Sandy shelters. Message us on Facebook if you can help: http://t.co/2GXkk1mP
JimGerlach	PA	R	house	PottstownNews,MercuryX	Mon Oct 29 16:47:48 +0000 2012	-18000	RT @PottstownNews: #Pottstown School District has just announced it will be closed Tuesday as well. @MercuryX
JimGerlach	PA	R	house		Mon Oct 29 16:15:28 +0000 2012	-18000	A list of Red Cross shelters in the region http://t.co/dMavX8gF #sandy
JimGerlach	PA	R	house		Mon Oct 22 22:26:33 +0000 2012	-18000	Grand opening of Schuylkill River interpretive center in Pottstown. Great community project. http://t.co/wnC8UxP0
JimGerlach	PA	R	house		Wed Oct 17 23:51:13 +0000 2012	-18000	Fern Hill Elem students learn about democracy and importance of voting at Kids Voting-Chester Co kickoff  http://t.co/2lLuizvP
JimGerlach	PA	R	house		Mon Oct 15 21:28:22 +0000 2012	-18000	Great spending time with Berks County 4-H on Sat as they marked the 100th Annivesary of PA's 4-H Program   http://t.co/EMWUutun
JimGerlach	PA	R	house	CRENpolitics	Sun Oct 14 23:22:34 +0000 2012	-18000	@CRENpolitics It has been corrected. Thanks for following us on Twitter.
JimGerlach	PA	R	house		Sun Oct 14 23:13:50 +0000 2012	-18000	Statement on the passing of former Sen.. Arlen Specter http://t.co/kouBlrvf
JimGerlach	PA	R	house		Tue Sep 11 16:50:18 +0000 2012	-18000	We will #NeverForget how on one of our darkest days, Americans rallied http://t.co/A21mjbeM
JimGerlach	PA	R	house	NPF	Fri Aug 31 00:02:14 +0000 2012	-18000	Thanks @NPF 4 great National Psoriasis Awareness Month event with Drs. Lara Wine Lee and Joel Gelfand of Penn http://t.co/pqnsWtAf
JimGerlach	PA	R	house		Fri Aug 10 00:36:26 +0000 2012	-18000	Welcoming a new neighbor and employer to Exton. Pleased to help Fulton Bank open a new branch on Swedesford Rd  http://t.co/0h2bdUd0
JimGerlach	PA	R	house		Fri Aug 10 00:34:42 +0000 2012	-18000	Busy week meeting with constituents and attending community events like National Night Out in Spring Township  http://t.co/QJl0JUpS
JimGerlach	PA	R	house		Thu Aug 02 01:14:41 +0000 2012	-18000	Voted today to #StoptheTaxHike and protect 1 million small biz owners and families at all income levels http://t.co/1JdEume3
JimGerlach	PA	R	house		Mon Jul 23 18:00:43 +0000 2012	-18000	Thanks to ifm prover's Roger Varma for a tour of new facility. A German company bringing jobs to US is great news. http://t.co/37UF0NEk
JimGerlach	PA	R	house	TwitPic	Mon Jul 23 17:56:13 +0000 2012	-18000	Congrats to ifm prover usa on the grand opening of a new 36,000 square-foot facility in East Whiteland. http://t.co/EoFgqXIm via @TwitPic
JimGerlach	PA	R	house		Thu Jul 19 20:46:50 +0000 2012	-18000	House GOP wants to #StopTheTaxHike on millions of middle-class families. How about POTUS &amp; Senate Dem Leader Reid? http://t.co/NdmBIaZd
JimGerlach	PA	R	house		Wed Jul 18 21:08:28 +0000 2012	-18000	House asks POTUS to show us a plan if he wants to move ahead with steep military cuts http://t.co/qGLkZZZn
JimGerlach	PA	R	house		Tue Jul 17 14:17:28 +0000 2012	-18000	President's plan would mean higher taxes, 700,000 fewer jobs according to new report http://t.co/COUkvlP7 #smallbiz
JimGerlach	PA	R	house		Mon Jul 16 18:21:35 +0000 2012	-18000	The sequel to "the private sector is doing fine" http://t.co/yBJkKMkd
JimGerlach	PA	R	house		Wed Jul 11 21:58:22 +0000 2012	-18000	Stopping a $647 billion tax hike and clearing way for real health care reform http://t.co/NE8Cdg2i
JimGerlach	PA	R	house		Thu Jun 28 22:39:41 +0000 2012	-18000	The public and family of Border Patrol Agent Brian Terry deserve the truth http://t.co/FjBabI1X
JimGerlach	PA	R	house		Thu Jun 28 19:41:42 +0000 2012	-18000	Supreme Court has ruled. House will continue working on #FullRepeal http://t.co/N0XiOtQg
JimGerlach	PA	R	house		Tue Jun 26 14:17:06 +0000 2012	-18000	Bally Borough turns 100 this year. Congrats to Mayor Ferrizzi and everyone in Bally on the Centennial  http://t.co/1jJ1rbAs
JimGerlach	PA	R	house		Tue Jun 26 14:04:43 +0000 2012	-18000	Good coffee &amp; great discussion early this AM with Boyertown Kiwanis Club members  http://t.co/YSWP7pca
JimGerlach	PA	R	house	RepMeehan	Wed Jun 13 00:41:59 +0000 2012	-18000	Working with @RepMeehan to protect medical innovation and PA jobs from $29.5 billion tax hike http://t.co/4j9QrMI7
JimGerlach	PA	R	house		Sat Jun 09 23:38:27 +0000 2012	-18000	Happy 100th anniversary to the Girl Scouts. Hope everyone had a great day at #RocktheMall.
JimGerlach	PA	R	house		Thu Jun 07 22:11:24 +0000 2012	-18000	House voted to stop nearly $30 billion tax hike on medical innovation. More than 20,000 PA mfg jobs on the line http://t.co/6KzYYLQt #4jobs
JimGerlach	PA	R	house		Thu Jun 07 18:51:30 +0000 2012	-18000	Will be on House floor shortly to urge repeal of $29 billion tax hike on innovators that puts American jobs at risk http://t.co/q6uFJ9sZ
JimGerlach	PA	R	house		Wed Jun 06 15:38:53 +0000 2012	-18000	Thank you to the #greatestgeneration for your bravery and sacrifice 68 years ago on the beaches of Normandy http://t.co/ZoCfBScX
JimGerlach	PA	R	house	RepErikPaulsen	Thu May 31 15:15:51 +0000 2012	-18000	Urged W&amp;M members to support @RepErikPaulsen bill to protect #Medinnovation and repeal med device tax http://t.co/B5VotxQO #4jobs
JimGerlach	PA	R	house	WaysandMeansGOP	Thu May 31 15:09:22 +0000 2012	-18000	RT @WaysandMeansGOP: More than 600 Job-Creating Companies support the device tax repeal, find out where: http://t.co/Pdil4IGX #MedInnovation
JimGerlach	PA	R	house	RepErikPaulsen	Thu May 31 15:06:26 +0000 2012	-18000	RT @RepErikPaulsen: The tax on US #MedInnovation will push R&amp;D abroad and put thousands of jobs at risk. Repeal tax #4jobs. http://t ...
JimGerlach	PA	R	house		Thu May 31 14:54:22 +0000 2012	-18000	Med device tax would hammer doctors &amp; hospitals and threaten 20,000 PA jobs http://t.co/2dWq2Vh3
JimGerlach	PA	R	house		Wed May 30 01:09:29 +0000 2012	-18000	You already follow, so why not like us and get total access to even more photos and updates http://t.co/U4HwYV5v
JimGerlach	PA	R	house	GOPWhip,JimGerlach,RepErikPaulsen	Wed May 30 00:06:59 +0000 2012	-18000	RT @GOPWhip: MUST READ: @JimGerlach &amp; @RepErikPaulsen op-ed on devastating effects of medical device tax on innovation #jobs --&gt;  ...
JimGerlach	PA	R	house		Wed May 30 00:04:53 +0000 2012	-18000	Thanks to the nearly 1,000 people in Berks Co who joined our tele-town hall tonight in the midst of some wicked t-storms
JimGerlach	PA	R	house		Fri May 25 14:05:09 +0000 2012	-18000	It's Natl Small Biz week. In PA, more than 30,000 women own small biz that provide jobs for about 250,000.
JimGerlach	PA	R	house		Wed May 16 21:18:42 +0000 2012	-18000	Honoring an Ellwood City hero, SPC Leslie H. Sabo Jr. http://t.co/nFR2mHWf
JimGerlach	PA	R	house		Wed May 16 19:07:30 +0000 2012	-18000	Family of SPC Leslie Sabo of Ellwood City will receive Medal of Honor this afternoon at White House ceremony http://t.co/U38Gd1p8
JimGerlach	PA	R	house		Fri May 11 16:18:10 +0000 2012	-18000	Glad to see progress on ending puppy mills and protecting pet owners from buying sick and neglected animals http://t.co/xaYYBCT5
JimGerlach	PA	R	house		Wed May 09 22:25:12 +0000 2012	-18000	A Berks County company that's creating jobs and helping our troops carry out their missions http://t.co/10S0n2Ot
JimGerlach	PA	R	house		Wed May 09 18:41:03 +0000 2012	-18000	While POTUS is making to-do lists, here’s  what House has done to help create jobs and grow economy #4jobs #GOP http://t.co/pM1hyUV6
JimGerlach	PA	R	house		Mon May 07 18:40:40 +0000 2012	-18000	Small brewers are small business owners. WSJ looks at efforts to help them remain competitive http://t.co/VBTQj5MC
JimGerlach	PA	R	house	RepTomMarino,JimGerlach	Mon May 07 16:39:22 +0000 2012	-18000	RT @RepTomMarino: Some #PA10 elementary students are trying to stop #puppymills. Thanks @JimGerlach for sponsoring #HR835, the #PUPSAct. ...
JimGerlach	PA	R	house	monetate	Mon Apr 30 19:07:27 +0000 2012	-18000	Thanks to everyone @Monetate for taking some time to join us 4 town hall to discuss jobs and growing the economy.
JimGerlach	PA	R	house		Fri Apr 27 18:54:28 +0000 2012	-18000	Keeping Stafford loan rates at 3.4% without going deeper in debt and making jobs harder to find http://t.co/OfEt8BAV
JimGerlach	PA	R	house		Sat Apr 21 16:14:43 +0000 2012	-18000	Thnx 2 everyone at LYA for letting us be part of Opening Day @ Foster Field. Good luck to all the baseball and softball teams this season.
JimGerlach	PA	R	house		Thu Apr 19 19:12:34 +0000 2012	-18000	Pro-jobs strategy that encourages small biz to issue more paychecks rather than write bigger tax checks to the IRS http://t.co/kGe6NpNz
JimGerlach	PA	R	house		Tue Apr 17 02:42:33 +0000 2012	-18000	Thank you 2 @RepJasonAltmire for working with us to secure MOH for Sgt. Leslie H. Sabo Jr. http://t.co/fJrYxETn
JimGerlach	PA	R	house		Sat Apr 14 18:42:10 +0000 2012	-18000	Honoring 5 Malvern firefighters who gave their lives serving their neighbors http://t.co/xl63fYGQ
JimGerlach	PA	R	house	SenToomey	Mon Mar 26 19:07:51 +0000 2012	-18000	Pleased to have @SenToomey and Rep. Dent join us in Philly to fight for PA jobs in bio and med-tech field.
JimGerlach	PA	R	house	AdvaMedDx,RepMeehan,RepErikPaulsen	Mon Mar 26 19:05:00 +0000 2012	-18000	Thanks to @AdvaMedDx for highlighting the toll med device tax would have on jobs and innovation. Great event w/@RepMeehan @RepErikPaulsen
JimGerlach	PA	R	house		Thu Mar 22 22:10:54 +0000 2012	-18000	I trust doctors and patients more than 15 DC bureaucrats when it comes to making med treatment decisions #IPAB http://t.co/AhmwEKSW
JimGerlach	PA	R	house		Thu Mar 22 15:47:28 +0000 2012	-18000	Another reason to #repealPAB: board given broad powers affecting seniors' access 2 care, but not required to hold public meetings.
JimGerlach	PA	R	house	JonEMTP	Wed Mar 21 18:03:14 +0000 2012	-18000	Thanks @JonEMTP &amp; all the EMTs for letting me know what's needed to continue your great svc to our communities #EMSontheHill
JimGerlach	PA	R	house	JonEMTP,JimGerlach	Wed Mar 21 17:55:47 +0000 2012	-18000	RT @JonEMTP: Part of the PA #EMSontheHill delegation with Representative @JimGerlach   http://t.co/l0Vlbj3A
JimGerlach	PA	R	house		Wed Mar 21 17:53:44 +0000 2012	-18000	Bipartisan support for allowing doctors and patients to make health-care decisions, not Washington bureaucrats http://t.co/G6UDpMmm #IPAB
JimGerlach	PA	R	house		Fri Mar 16 01:16:45 +0000 2012	-18000	Thanks to Inter TV correspondent Maksym Drabok for traveling to Exton for interview on US-Ukraine relations.   http://t.co/mphLH9Lb
JimGerlach	PA	R	house	SpeakerBoehner	Fri Mar 09 15:54:43 +0000 2012	-18000	Appreciate @SpeakerBoehner selecting me to serve on President's Export Council http://t.co/VhB4JBOo
JimGerlach	PA	R	house		Thu Mar 08 23:27:04 +0000 2012	-18000	Supported the bipartisan JOBS Act to encourage innovators to start a business and create jobs. Let's hope the Senate can do the same soon.
JimGerlach	PA	R	house		Wed Mar 07 00:38:16 +0000 2012	-18000	Enjoyed previewing W/M hrg on tax reform with Ellwood City Ledger's Eric Poole. EC native & friend Jeff Kwall will be on expert panel.
JimGerlach	PA	R	house		Tue Mar 06 22:28:47 +0000 2012	-18000	Great to see bipartisan support for giving American workers a fighting chance against China http://t.co/m5SYjiar
JimGerlach	PA	R	house		Fri Feb 24 19:27:56 +0000 2012	-18000	ObamaCare tax on innovation will hurt R&D. We're working in the House to stop the tax http://t.co/fGOS0ene
JimGerlach	PA	R	house		Tue Feb 21 23:30:56 +0000 2012	-18000	Two paws up for this article on my proposed PUPS Act bill to combat puppy mills http://t.co/xTqKjhxw
JimGerlach	PA	R	house		Tue Feb 21 21:20:31 +0000 2012	-18000	Rather than settling for a sputtering recovery, Senate could vote on 27 pro-jobs bills passed by House http://t.co/jpjq6RgV
JimGerlach	PA	R	house		Fri Feb 17 21:05:43 +0000 2012	-18000	Now is not the time to demand that workers send more of their hard-earned pay to Washington  http://t.co/pIfSJLbL
JimGerlach	PA	R	house		Thu Feb 09 19:54:57 +0000 2012	-18000	Government-mandated contraception coverage another ObamaCare overreach http://t.co/g3np0wbG
JimGerlach	PA	R	house		Fri Feb 03 17:18:50 +0000 2012	-18000	Congrats to Chester Co volunteer firefighters & EMS on earning a fed grant to help upgrade pager system http://t.co/SEQk4ABq
Randy_Forbes	VA	R	house		Fri Apr 11 12:35:31 +0000 2014	-14400	12 hrs: the time it takes the average taxpayer to comply w/ the tax code http://t.co/2Xqd5SPblE
Randy_Forbes	VA	R	house		Thu Apr 10 20:11:09 +0000 2014	-14400	Congrats to Chesapeake Sheriff Jim O’Sullivan &amp; his staff for another successful Senior Support Services Seminar http://t.co/d943yeZl7X
Randy_Forbes	VA	R	house		Thu Apr 10 12:40:13 +0000 2014	-14400	The 414 Plan is simple. Here it is explained in one graphic: http://t.co/pdAM8UmmEv  For more info: http://t.co/af3Oqf3ClS
Randy_Forbes	VA	R	house		Wed Apr 09 22:30:11 +0000 2014	-14400	Meeting w/ Virginia Biotechnology Association. Exciting to hear about cutting edge research &amp; development here in Va http://t.co/wwhUULD5NW
Randy_Forbes	VA	R	house		Wed Apr 09 19:29:12 +0000 2014	-14400	70 jobs for Hopewell: Vireol Bio Energy to invest $26.2 million &amp; purchase over 21.7 million bushels of Va grains. Great news.
Randy_Forbes	VA	R	house		Wed Apr 09 11:58:56 +0000 2014	-14400	Here's a brief summary of legislation I've recently supported, worked on &amp; voted for to stop governmental abuse http://t.co/BU59fZvhX7
Randy_Forbes	VA	R	house	HouseJudiciary	Tue Apr 08 17:51:00 +0000 2014	-14400	Spent this morning questioning Attorney General Holder at @HouseJudiciary Committee oversight hearing of DOJ http://t.co/abAX6mOfK5
Randy_Forbes	VA	R	house	MyTitanAuto,Randy_Forbes	Mon Apr 07 20:33:12 +0000 2014	-14400	RT @MyTitanAuto: @Randy_Forbes We are proud you represent us. Thank you for your service.
Randy_Forbes	VA	R	house		Mon Apr 07 19:30:55 +0000 2014	-14400	Small businesses make America run. Proud to be considered one of their strongest advocates by US Chamber of Commerce http://t.co/gtOwBj3KQZ
Randy_Forbes	VA	R	house		Mon Apr 07 16:16:11 +0000 2014	-14400	From a regulatory perspective, #Obamacare burdens individuals &amp; small businesses w/ over 100 million paperwork hours http://t.co/ePnMbJ5bdo
Randy_Forbes	VA	R	house		Mon Apr 07 11:52:18 +0000 2014	-14400	Great to throw the first pitch of 2014 Chesapeake Little League season this Sat. Baseball is back in South Norfolk! http://t.co/J0PqjE7xzB
Randy_Forbes	VA	R	house	ElbridgeColby,TheNatlInterest	Sat Apr 05 13:31:07 +0000 2014	-14400	We're losing our military edge over #China. My Op Ed w/ @ElbridgeColby in @TheNatlInterest on how we get it back http://t.co/KLgbVGp2u5
Randy_Forbes	VA	R	house		Fri Apr 04 22:30:42 +0000 2014	-14400	Question: what are your thoughts on transportation issues facing our nation? Take this brief survey: http://t.co/WTIQJrrttC
Randy_Forbes	VA	R	house		Thu Apr 03 23:00:46 +0000 2014	-14400	Do you support transitioning authority of the Internet to a global community? Take my weekly poll to weigh in: http://t.co/vru16zmvDi
Randy_Forbes	VA	R	house		Thu Apr 03 21:44:34 +0000 2014	-14400	Today the family of 10-year-old Gabriella watched as Obama signed Gabriella Miller Kids First Research Act into law http://t.co/Ju0wEyEMND
Randy_Forbes	VA	R	house		Thu Apr 03 14:40:09 +0000 2014	-14400	Praying for #FortHood today http://t.co/AZK6vKjjOo
Randy_Forbes	VA	R	house	NRO	Wed Apr 02 20:37:43 +0000 2014	-14400	@NRO reports: Randy Forbes (R-VA) &amp; Elbridge Colby  warn that US is losing its military edge over China. Read more: http://t.co/aL94VjnJ0d
Randy_Forbes	VA	R	house	TheNatlInterest,NROcorner,reihan,Randy_Forbes,ElbridgeColby,CNASdc	Wed Apr 02 14:45:09 +0000 2014	-14400	RT @TheNatlInterest: .@NROcorner 's @reihan discusses @Randy_Forbes and @ElbridgeColby (@CNASdc)  piece on #China's military here: http://t…
Randy_Forbes	VA	R	house		Wed Apr 02 13:02:24 +0000 2014	-14400	Taking a moment to pray for those impacted by the earthquake that hit off coast of northern Chile. #PrayforChile
Randy_Forbes	VA	R	house		Wed Apr 02 13:02:02 +0000 2014	-14400	Cuts to #defense in the President’s budget have potential for significant impact on national security. Here’s why: http://t.co/KqZlZKr2LE
Randy_Forbes	VA	R	house		Wed Apr 02 00:02:23 +0000 2014	-14400	I sat across the table from her in my Chesapeake Office, her eyes frustrated yet hopeful as she shared her story... http://t.co/2K25GsHugH
Randy_Forbes	VA	R	house		Tue Apr 01 20:30:14 +0000 2014	-14400	Congratulations to RADM (Dr.) Alton Stocks, one of Chesapeake’s own, who retired from Naval Service last Friday. Grateful for his service.
Randy_Forbes	VA	R	house		Tue Apr 01 16:21:57 +0000 2014	-14400	We recite the words, “one nation under God, indivisible….” But do we mean it?
 http://t.co/AbHo1sEOU7
Randy_Forbes	VA	R	house	WashTimes	Tue Apr 01 14:17:50 +0000 2014	-14400	@WashTimes reports that CIA ignored station chief in Libya when creating talking points on #Benghazi http://t.co/EIuB5qqOoO. Your thoughts?
Randy_Forbes	VA	R	house		Tue Apr 01 13:09:17 +0000 2014	-14400	Alert: New phishing scam w/ emails purporting to be from the Taxpayer Advocate Service. Don't click on it- forward it to phishing@irs.gov.
Randy_Forbes	VA	R	house		Mon Mar 31 17:20:39 +0000 2014	-14400	Wonderful turnout yesterday at Hickory United Methodist Church to celebrate Pastor Tom Mercer's 25 years of ministry http://t.co/2unj0Oxd8O
Randy_Forbes	VA	R	house		Thu Mar 27 16:01:14 +0000 2014	-14400	The regulatory cost per US household is $14,678.  It’s time to reduce regulatory burdens on our families &amp; businesses http://t.co/Uhy5D3pmtQ
Randy_Forbes	VA	R	house		Wed Mar 26 23:31:34 +0000 2014	-14400	Good meeting w/ Chesterfield Fire &amp; EMS members in DC for American Ambulance Associations Star of Life award ceremony http://t.co/xwiJ9sdCW3
Randy_Forbes	VA	R	house		Wed Mar 26 21:01:44 +0000 2014	-14400	414 Plan is simple: cut red tape, expedite construction, create jobs. Read more in my weekly column: http://t.co/wPT1vMRHv4 #boldsolutions
Randy_Forbes	VA	R	house		Wed Mar 26 18:32:35 +0000 2014	-14400	Thanks to the members of Iraq &amp; Afghanistan Veterans of America for stopping by. Serving you is an honor http://t.co/LxuZBZLHoj
Randy_Forbes	VA	R	house		Wed Mar 26 15:12:33 +0000 2014	-14400	At the House Armed Services Committee Hearing on the Army’s #budget. We need a strategy driven budget, not vice versa http://t.co/7LviBSt7mp
Randy_Forbes	VA	R	house		Tue Mar 25 20:18:57 +0000 2014	-14400	On National Agriculture Day, join me in celebrating the 46,000+ farms across VA &amp; the hardworking folks who run them http://t.co/Bn2niWCsTl
Randy_Forbes	VA	R	house		Tue Mar 25 16:41:18 +0000 2014	-14400	Oral arguments before Supreme Court today for 2 cases challenging Obamacare’s HHS mandate http://t.co/hkMy2yd5YQ http://t.co/8icoAlAdv9
Randy_Forbes	VA	R	house	HobbyLobbyCase	Tue Mar 25 15:01:17 +0000 2014	-14400	@hobbylobbycase: People don’t, and should not have to, check their religious values at the office door. #religiousfreedomforall
Randy_Forbes	VA	R	house		Tue Mar 25 14:02:55 +0000 2014	-14400	No American should be forced to choose between following their faith &amp; complying w/ a burdensome government mandate #religiousfreedomforall
Randy_Forbes	VA	R	house		Tue Mar 25 13:14:14 +0000 2014	-14400	My deepest condolences to the family &amp; friends of the sailor who was tragically shot &amp; killed at Naval Station Norfolk last night. Praying.
Randy_Forbes	VA	R	house		Mon Mar 24 18:02:39 +0000 2014	-14400	Thanks West Park Church of Christ for inviting me to your Wild Game Night.  I valued hearing what’s important to you http://t.co/kj3lCB6oV8
Randy_Forbes	VA	R	house		Mon Mar 24 15:45:52 +0000 2014	-14400	3 things I’ve worked on recently: #IRS accountability, Veterans Affairs accountability &amp; property rights protection http://t.co/XxwXnakiZz
Randy_Forbes	VA	R	house		Sat Mar 22 15:35:29 +0000 2014	-14400	Tips for healthier eating for National Nutrition Month: http://t.co/5MqH2aLVTw
Randy_Forbes	VA	R	house		Fri Mar 21 19:02:00 +0000 2014	-14400	Thanks to the good people of both Southampton County &amp; the City of Franklin for their time and hospitality this week http://t.co/UwTE7rqzpP
Randy_Forbes	VA	R	house		Fri Mar 21 15:45:52 +0000 2014	-14400	Great to be w/ my friend &amp; former staffer, Rick Franklin, while in Emporia this week. Rick is a true public servant http://t.co/1rBcGMvOLh
Randy_Forbes	VA	R	house		Fri Mar 21 14:48:21 +0000 2014	-14400	The phone rings. The caller ID reads “IRS.”  They're calling to say you owe taxes… but is it really the IRS? Find out http://t.co/VtMPBzBTd8
Randy_Forbes	VA	R	house		Fri Mar 21 12:30:41 +0000 2014	-14400	Protecting volunteer firefighters and emergency responders from unintended consequences of healthcare law http://t.co/dQrWMQ5vOu
Randy_Forbes	VA	R	house		Thu Mar 20 22:03:21 +0000 2014	-14400	Great visiting w/ people in Emporia &amp; Greensville County this week http://t.co/NvJ1EFpmPf
Randy_Forbes	VA	R	house		Thu Mar 20 19:14:46 +0000 2014	-14400	Due to its diverse tax base &amp; low unemployment, Chesapeake ranks as one of America’s best run cities 3 years in a row http://t.co/lKQsyzgscu
Randy_Forbes	VA	R	house		Thu Mar 20 16:06:17 +0000 2014	-14400	40 new #jobs for Nottoway County, as Trout River Dry Kiln invests $5.5 million to build new kilns - great news for the community.
Randy_Forbes	VA	R	house		Thu Mar 20 13:30:36 +0000 2014	-14400	This snowy winter has taken a toll w/ rising energy costs. Read about bills to bring down costs for energy consumers: http://t.co/xnj1GhdjYD
Randy_Forbes	VA	R	house		Wed Mar 19 12:31:10 +0000 2014	-14400	Congrats to Gen Perkins as he assumes command of Ft Eustis &amp; thank you to TRADOC Commander Gen Cone for his service http://t.co/GcKZOfdhhG
Randy_Forbes	VA	R	house		Tue Mar 18 17:27:05 +0000 2014	-14400	Question of the week: should the Ground Zero cross be part of the 9/11 Memorial &amp; Museum? Take my poll, here: http://t.co/zCBjzAoD3N
Randy_Forbes	VA	R	house	NavyLeagueUS	Mon Mar 17 17:09:14 +0000 2014	-14400	W/ respect for the efforts of @NavyLeagueUS on behalf of our sailors, I was honored to accept their Sea Service Award http://t.co/nyE8rcqwcz
Randy_Forbes	VA	R	house		Mon Mar 17 14:10:55 +0000 2014	-14400	Prayers w/ those in LA whose lives were disrupted by the earthquake today. Hope the immediate reports of none injured continue to hold true.
Randy_Forbes	VA	R	house		Fri Mar 14 18:51:04 +0000 2014	-14400	Great to hear that VA-based Capital One Financial Corporation is opening its new data center in Chesterfield County. RT to share the news.
Randy_Forbes	VA	R	house		Thu Mar 13 17:24:41 +0000 2014	-14400	Every American should be free to live and work according to their beliefs w/out fear of punishment by the government #Notmybossbusiness
Randy_Forbes	VA	R	house		Wed Mar 12 21:47:25 +0000 2014	-14400	At the HASC Hearing today, questioning SECNAV Mabus on the #Navy’s #budget http://t.co/mCNUSOLTN5
Randy_Forbes	VA	R	house		Wed Mar 12 19:31:28 +0000 2014	-14400	Introduced the 414 Plan Act of 2014 (HR 4153) http://t.co/0ac8q8u5VU. Read a summary of the bill here: http://t.co/cKa7lpqjU1
Randy_Forbes	VA	R	house		Wed Mar 12 15:46:49 +0000 2014	-14400	Praying for #Harlem – for those injured and for the courageous first responders.
Randy_Forbes	VA	R	house		Wed Mar 12 11:30:41 +0000 2014	-14400	Getting updated on the things going on in Chesterfield County to make it a such a good place to work &amp; raise a family http://t.co/kUo0LTt9CW
Randy_Forbes	VA	R	house		Tue Mar 11 19:10:50 +0000 2014	-14400	Great to meet w/ Mayor Scott Davis &amp; other Colonial Heights government officials – appreciate their insight http://t.co/F7Hpi1YOD2
Randy_Forbes	VA	R	house	JohnBoozman,Randy_Forbes,NRO	Tue Mar 11 16:51:07 +0000 2014	-14400	RT @JohnBoozman: Read an opinion piece on religious freedom &amp; the Obamacare mandate @Randy_Forbes &amp; I authored for @nro here: http://t.co/o…
Randy_Forbes	VA	R	house		Tue Mar 11 16:22:20 +0000 2014	-14400	Thank you Major General Larry D. Wyche for your service to our country and our community: http://t.co/C9c1pkCvz3
Randy_Forbes	VA	R	house		Tue Mar 11 14:02:01 +0000 2014	-14400	Do you support assistance to #Ukraine from the US in the face of Russian aggression? Answer by taking my poll: http://t.co/UI6BfFsrUQ
Randy_Forbes	VA	R	house	CNN	Tue Mar 11 13:20:05 +0000 2014	-14400	Joined @CNN over the weekend to discuss the escalating situation in #Ukraine. Watch here if you missed it: http://t.co/aTc33lPXib
Randy_Forbes	VA	R	house	WSJ	Fri Mar 07 13:47:40 +0000 2014	-14400	The US Navy, just 283 vessels, seems poised to shrink even further http://t.co/b4cARkRsdu. Read my letter in @WSJ: http://t.co/I1ElQ5DLbu
Randy_Forbes	VA	R	house		Thu Mar 06 19:57:15 +0000 2014	-14400	We can't rely on the debt ceiling to start discussing controlling spending. We need to address it now http://t.co/ZZ4V6lEr1A RT if you agree
Randy_Forbes	VA	R	house	AEI,MEaglen,Randy_Forbes	Thu Mar 06 17:33:30 +0000 2014	-14400	RT @AEI: How does the Pentagon’s latest strategy stack up? #QDR review on Capitol Hill Thursday with @MEaglen @Randy_Forbes http://t.co/ilL…
Randy_Forbes	VA	R	house		Thu Mar 06 14:57:18 +0000 2014	-14400	National Consumer Protection Week: find tips for credit cards &amp; debt, protecting against identity theft &amp; more:  http://t.co/Qp7crsrvvy
Randy_Forbes	VA	R	house		Thu Mar 06 00:31:07 +0000 2014	-14400	The President has a Constitutional duty to execute our nation’s laws– period. No picking &amp; choosing http://t.co/RCKrZzawNw. RT if you agree.
Randy_Forbes	VA	R	house		Wed Mar 05 19:19:08 +0000 2014	-14400	Talking w/ Chairman Issa &amp; Larry Nordvig of Powhatan after #IRS hearing where #LoisLerner was supposed to testify http://t.co/5ZiCapCUxg
Randy_Forbes	VA	R	house		Wed Mar 05 16:45:19 +0000 2014	-14400	Obama’s budget proposal fails to address 2 critical national security threats: our debt &amp; dismantling of our military http://t.co/zo8dQhr9Gn
Randy_Forbes	VA	R	house	JudgeJeanine,FoxNews	Wed Mar 05 16:16:13 +0000 2014	-14400	On w/ @JudgeJeanine of @FoxNews over the weekend, discussing #Ukraine and the #defense budget. Watch here: http://t.co/eoLdpRCJNw
Randy_Forbes	VA	R	house		Wed Mar 05 14:30:48 +0000 2014	-14400	Called on AG Holder to appoint an unbiased official to lead the #IRS investigation http://t.co/Pr4S5nXtoj http://t.co/IA9fapXsWA
Randy_Forbes	VA	R	house		Wed Mar 05 13:15:40 +0000 2014	-14400	Failing to bolster US Navy in the face of 21st-century maritime threats could prove disastrous. Here’s why: http://t.co/Cs7EHKDx9V
Randy_Forbes	VA	R	house		Wed Mar 05 00:00:55 +0000 2014	-14400	Whether or not they fit his agenda, the Presidents duty is to enforce the law. It’s not optional, it’s constitutional http://t.co/6A3ceRPkVH
Randy_Forbes	VA	R	house		Tue Mar 04 18:55:22 +0000 2014	-14400	Reducing our #carrier fleet leaves our nation less prepared to respond to a crisis when &amp; where it matters most http://t.co/4NHO9I3pv0
Randy_Forbes	VA	R	house	washingtonpost	Tue Mar 04 17:42:30 +0000 2014	-14400	Interesting editorial in @WashingtonPost:  "Obama's foreign policy is based on fantasy” http://t.co/YjYSCJTmpK
Randy_Forbes	VA	R	house		Tue Mar 04 13:34:56 +0000 2014	-14400	The #IRS broke the American people’s trust. It’s not just common sense, it’s critical, that consequences ensue http://t.co/5bx0frDtAf
Randy_Forbes	VA	R	house		Mon Mar 03 20:14:25 +0000 2014	-14400	Another snowy day for Virginia. Who's ready for spring? http://t.co/3b7bBrG4t6
Randy_Forbes	VA	R	house		Mon Mar 03 12:01:44 +0000 2014	-14400	Take the poll: will reducing the #carrier fleet leave the US less capable of meeting national security needs? http://t.co/oGcsS7t2N4
Randy_Forbes	VA	R	house		Fri Feb 28 19:01:36 +0000 2014	-14400	They were proud to fight for us. The US gov should be just as proud to fight for them http://t.co/0XfrQaE3SZ. Read: http://t.co/4CMgXU3NI6
Randy_Forbes	VA	R	house		Fri Feb 28 16:27:41 +0000 2014	-14400	Prayers for the loved ones of Midshipman Max Allen of Chesterfield, whose funeral will be held at 1200 at the Naval Academy today.
Randy_Forbes	VA	R	house	kilmeade,Randy_Forbes,TeamCavuto,FoxBusiness	Fri Feb 28 16:27:08 +0000 2014	-14400	RT @kilmeade: AUDIO &amp; VIDEO ALERT! @Randy_Forbes on military funding + @TeamCavuto on @FoxBusiness 'We’re Populating it w/Italians’...
Randy_Forbes	VA	R	house	loudobbsnews,Randy_Forbes,FoxBusiness	Thu Feb 27 22:07:06 +0000 2014	-14400	RT @loudobbsnews: .@Randy_Forbes says budget cuts to our defense, military &amp; security need to be stopped. He joins #LouDobbsTonight 7pm ET …
Randy_Forbes	VA	R	house		Thu Feb 27 21:55:17 +0000 2014	-14400	Good news for Chesterfield &amp; VA: Evonik Industries investing $15 mill in Business &amp; Innovation Center in Chesterfield http://t.co/3ovMxzBork
Randy_Forbes	VA	R	house		Wed Feb 26 22:35:49 +0000 2014	-14400	Congress is stuck in a #sequestration state of mind. We need a strategy state of mind http://t.co/ObvstlaNZA
Randy_Forbes	VA	R	house		Wed Feb 26 20:09:25 +0000 2014	-14400	Introduced Patients First Act to put politics aside &amp; prioritize medical research w/ most promise for curing patients http://t.co/9wCXUBzkd2
Randy_Forbes	VA	R	house		Wed Feb 26 19:03:44 +0000 2014	-14400	Grateful for Chesterfield Sheriff Proffitt’s faithful service to our community during his 43-years in law enforcement http://t.co/uVhVcYZnzu
Randy_Forbes	VA	R	house		Wed Feb 26 16:20:38 +0000 2014	-14400	Snowy morning on #CapitolHill today http://t.co/qBtpZtHPzU
Randy_Forbes	VA	R	house	HouseJudiciary	Wed Feb 26 14:48:25 +0000 2014	-14400	Today, @HouseJudiciary will be examining legislative solutions to rein in the Executive Branch. Watch live: http://t.co/PZueJA597Z
Randy_Forbes	VA	R	house	NRO	Wed Feb 26 13:36:59 +0000 2014	-14400	Discussing the challenges facing our #military in this coming decade w/ members of the editorial board of @NRO http://t.co/MfXMPQ5tS8
Randy_Forbes	VA	R	house	BloombergNews	Tue Feb 25 20:03:37 +0000 2014	-14400	On @BloombergNews, discussing why a Nation w/ global responsibilities cannot build strategy solely from a budget: http://t.co/e5rH186Ske
Randy_Forbes	VA	R	house		Tue Feb 25 14:15:13 +0000 2014	-14400	Great to speak w/ the men &amp; women of Serco &amp; hear their perspective on healthcare, tax reform, &amp; foreign affairs http://t.co/G57mSvrJgi
Randy_Forbes	VA	R	house	FPIdefense,Randy_Forbes,TheNatlInterest	Mon Feb 24 17:55:22 +0000 2014	-14400	RT @FPIdefense: Rep @Randy_Forbes examines the prospects for another #QDR failure in today's @TheNatlInterest - http://t.co/PeMsTg4Ju2
Randy_Forbes	VA	R	house		Mon Feb 24 15:57:42 +0000 2014	-14400	#Washington Update: honored promise to #military retirees &amp; called for increased #oversight of exec branch. Read more http://t.co/YaaD2UYTvF
Randy_Forbes	VA	R	house	HouseJudiciary,RepGoodlatte,Randy_Forbes,TheJusticeDept	Mon Feb 24 15:54:17 +0000 2014	-14400	RT @HouseJudiciary: .@RepGoodlatte &amp; @Randy_Forbes ask @TheJusticeDept to appeal court decision that allows gang members to stay in US: htt…
Randy_Forbes	VA	R	house		Fri Feb 21 21:22:10 +0000 2014	-14400	Appreciated the opportunity to speak to the National Association of Insurance &amp; Financial Advisors  in Va Beach http://t.co/GbrDOMqEvX
Randy_Forbes	VA	R	house	RepGoodlatte,Randy_Forbes	Fri Feb 21 21:20:46 +0000 2014	-14400	RT @RepGoodlatte: Sent a letter w/@Randy_Forbes asking DOJ to appeal court decision that allows gang members to stay in U.S. More: http://t…
Randy_Forbes	VA	R	house		Fri Feb 21 14:41:21 +0000 2014	-14400	Do you believe preserving open space is a permissible use of eminent domain? Take my weekly poll, here: http://t.co/2rHPuCoROd
Randy_Forbes	VA	R	house		Thu Feb 20 18:02:21 +0000 2014	-14400	#Congress has gotten in a bad habit of going “all-in” when it comes to national challenges. Read what I mean: http://t.co/aJA24rgZCo
Randy_Forbes	VA	R	house		Thu Feb 20 14:08:01 +0000 2014	-14400	Thanks to all who attended my Farmers’ Advisory Board meeting yesterday at the Va Diner. Appreciate your feedback http://t.co/h4kdSNUUpA
Randy_Forbes	VA	R	house		Wed Feb 19 13:19:51 +0000 2014	-14400	Prayers w/ family of U.S. Naval Academy Midshipman First Class Max Allen of Chesterfield. Forever grateful for his service to our country.
Randy_Forbes	VA	R	house		Tue Feb 18 17:39:23 +0000 2014	-14400	Wanted to share this article from the National Interest w/ you, discussing my efforts on #defense issues: http://t.co/BDX09YQ0Nk
Randy_Forbes	VA	R	house		Tue Feb 18 13:38:08 +0000 2014	-14400	Cosponsored the bipartisan Homeowner Flood Insurance Affordability Act, H.R.3370, to protect 4th District #homeowners http://t.co/IshbCKMzhL
Randy_Forbes	VA	R	house		Sun Feb 16 18:07:07 +0000 2014	-14400	Prayers and condolences to our governor on the passing of his mother.
Randy_Forbes	VA	R	house		Fri Feb 14 21:01:38 +0000 2014	-14400	#Valentines day - fill in the blank. I love my country because _____________.
Randy_Forbes	VA	R	house		Fri Feb 14 20:13:00 +0000 2014	-14400	#Washington has a credibility problem, not a political problem http://t.co/7wag2mLr5a
Randy_Forbes	VA	R	house		Thu Feb 13 18:39:54 +0000 2014	-14400	Once again, much of 4th District is blanketed in snow. How are you staying warm &amp; enjoying the #snowday? http://t.co/muyuJxIIlZ
Randy_Forbes	VA	R	house		Thu Feb 13 16:39:15 +0000 2014	-14400	Great news for the 4th District - 1000 more #jobs in  Chesterfield and Dinwiddie Counties http://t.co/sg6GTzofR9
Randy_Forbes	VA	R	house		Wed Feb 12 20:35:08 +0000 2014	-14400	Sent a letter to Sec Hagel on the 2014 Quadrennial Defense Review &amp; need for long-term thinking about the US military http://t.co/GYC15KMrkv
Randy_Forbes	VA	R	house		Wed Feb 12 18:03:31 +0000 2014	-14400	Happy Birthday President Lincoln http://t.co/tFCK7MkxNa
Randy_Forbes	VA	R	house		Tue Feb 11 23:07:42 +0000 2014	-14400	House votes to raise #debt ceiling - I voted no. We can't continue to mortgage our children’s futures http://t.co/kWLvkMZni4
Randy_Forbes	VA	R	house		Tue Feb 11 20:10:55 +0000 2014	-14400	Congrats to CSM Parham Sr of Dinwiddie who assumed responsibility of US Army Combined Arms Support Command &amp; Fort Lee http://t.co/JYo4QxK168
Randy_Forbes	VA	R	house		Tue Feb 11 17:44:03 +0000 2014	-14400	The fight for faith freedoms bridges language barriers &amp; spans countries. Reminded by members of Peruvian Congress http://t.co/skk1TvJUVK
Randy_Forbes	VA	R	house		Tue Feb 11 15:28:33 +0000 2014	-14400	Honored to speak at the Modeling &amp; Simulation Leadership Summit http://t.co/hHzN3r1lkv Learn more about the Caucus: http://t.co/Rdl5lfWYw6
Randy_Forbes	VA	R	house		Tue Feb 11 13:03:07 +0000 2014	-14400	Security for our nation must not come at the cost of freedom for our citizens. RT if you agree
 http://t.co/Op2xQJEYCM
Randy_Forbes	VA	R	house		Sat Feb 08 21:45:14 +0000 2014	-14400	Jan 31- State Department released final environmental impact study on the #KeystonePipeline: http://t.co/lrpm016E2Y http://t.co/2L0aKgmu2C
Randy_Forbes	VA	R	house		Sat Feb 08 15:55:06 +0000 2014	-14400	Do you believe that English should be the official language of the United States? Take my weekly poll: http://t.co/NWQQ8AUEIt
Randy_Forbes	VA	R	house	WSJ	Fri Feb 07 14:45:15 +0000 2014	-14400	@WSJ discusses reducing our carrier force: http://t.co/yzmZsbDo0R I'll continue to be a 'fierce defender' of carriers role in nat'l security
Randy_Forbes	VA	R	house		Thu Feb 06 19:42:22 +0000 2014	-14400	Great to meet w/ Va Rural Health Association, which works on behalf of the 2.5 million people who call rural VA home http://t.co/q87BOoJ73Y
Randy_Forbes	VA	R	house	aircraftcarrier,Randy_Forbes	Thu Feb 06 16:00:30 +0000 2014	-14400	RT @aircraftcarrier: .@Randy_Forbes voices his agreement with Rear Admiral Manazir for an 11 carrier fleet http://t.co/8hArY7XC86 #Presence…
Randy_Forbes	VA	R	house		Thu Feb 06 15:48:15 +0000 2014	-14400	The death of Ambassador Stevens isnt a partisan issue; it’s an American issue. Find info on #Benghazi investigation: http://t.co/vf6b4O7cws
Randy_Forbes	VA	R	house	loudobbsnews	Thu Feb 06 01:07:18 +0000 2014	-14400	Discussing CBO report on impact of #Obamacare on our workforce w/ @loudobbsnews http://t.co/7Qbi0vAMFy  Watch here: http://t.co/JE8zeOa2jv
Randy_Forbes	VA	R	house	loudobbsnews,FoxBusiness	Wed Feb 05 23:23:50 +0000 2014	-14400	Joining @loudobbsnews tonight to discuss the CBO reports numbers on #Obamacare. Tune in at 7pm ET @FoxBusiness http://t.co/18CEo9Y1Ed
Randy_Forbes	VA	R	house		Wed Feb 05 22:55:28 +0000 2014	-14400	The challenges of the coming decades require a comprehensive strategy to protect U.S. national security http://t.co/Z5RBDOGn8S
Randy_Forbes	VA	R	house		Wed Feb 05 18:51:53 +0000 2014	-14400	House passed a bill to extend in-state tuition to #veterans attending public universities on the Post-9/11 GI Bill http://t.co/c4qsngVrXP
Randy_Forbes	VA	R	house		Wed Feb 05 16:36:56 +0000 2014	-14400	Non-partisan CBO reports #Obamacare to reduce American workforce by equivalent of 2 million full-time jobs in 2017 http://t.co/INtpcCBENo
Randy_Forbes	VA	R	house		Wed Feb 05 12:58:47 +0000 2014	-14400	If you think your credit or debit card was hacked, here are 4 steps you can take to protect yourself: http://t.co/jDuqXxpu8b
Randy_Forbes	VA	R	house		Tue Feb 04 20:15:57 +0000 2014	-14400	Privacy &amp; security arent mutually exclusive. My bill, HR 3103, increases oversight of national surveillance programs: http://t.co/dYfhxtZ6UA
Randy_Forbes	VA	R	house		Tue Feb 04 17:00:01 +0000 2014	-14400	Swearing in the witnesses at Judiciary hearing examining reforms to our nation’s intelligence-gathering programs http://t.co/j7wfxfZYUU
Randy_Forbes	VA	R	house		Tue Feb 04 12:59:25 +0000 2014	-14400	Is it even worth it to be part of American politics? people often ask me. I never hesitate as I answer. Here’s why: http://t.co/L2bOhlJJjw
Randy_Forbes	VA	R	house		Tue Feb 04 12:49:17 +0000 2014	-14400	Take a moment to honor Jordan Kuzik, 19 year-old Chesterfield volunteer firefighter, who passed away last week http://t.co/gSTZXXNN74
Randy_Forbes	VA	R	house		Mon Feb 03 21:38:34 +0000 2014	-14400	Honoring Phyllis Krasnoff as 2013 Woman of the Year, w/ the Hampton Roads Chamber of Commerce Chesapeake http://t.co/0I9zyaONj0
Randy_Forbes	VA	R	house		Mon Feb 03 14:55:55 +0000 2014	-14400	Do you support an increase in the federal minimum wage? Take my weekly poll: http://t.co/OAgqNQ5R95
Randy_Forbes	VA	R	house		Fri Jan 31 18:21:09 +0000 2014	-14400	Today on NASA'S Day of Remembrance, we pay tribute to the crews of Apollo 1, Challenger &amp; Columbia http://t.co/gyLM0QhFA5
Randy_Forbes	VA	R	house	hannityshow	Thu Jan 30 00:30:44 +0000 2014	-14400	Many felt a disconnect between the #SOTU &amp; the reality they see around them. More on @hannityshow tonight at 10pm http://t.co/tXX8S0eHtN
Randy_Forbes	VA	R	house	seanhannity,hannityshow,FoxNews	Wed Jan 29 19:23:55 +0000 2014	-14400	Behind the scenes w/ @seanhannity for the @hannityshow special on the #SOTU. Watch it on @FoxNews at 10pm tonight http://t.co/jbso8sjEmA
Randy_Forbes	VA	R	house		Tue Jan 28 20:43:55 +0000 2014	-14400	My reflections on the state of our union... http://t.co/IKU9awiLBj
Randy_Forbes	VA	R	house		Tue Jan 28 13:56:19 +0000 2014	-14400	Tonight, Obama stands before America to deliver his 5th official State of the Union address. What do you believe is the state of our nation?
Randy_Forbes	VA	R	house		Fri Jan 24 02:01:20 +0000 2014	-14400	Visited Dresser-Rand’s Chesapeake Branch today to witness firsthand how they support the US Navy &amp; US Coast Guard http://t.co/uVYM7LuriB
Randy_Forbes	VA	R	house		Thu Jan 23 17:02:07 +0000 2014	-14400	We need to conduct a full, clean audit of the #DOD http://t.co/yrfvMdUl57 RT if you agree.
Randy_Forbes	VA	R	house		Wed Jan 22 21:05:11 +0000 2014	-14400	At Hampton Roads’ original Best Buy location in Chesapeake. Great to hear how they're giving back to the community http://t.co/6UJIB2ncOn
Randy_Forbes	VA	R	house		Wed Jan 22 14:19:26 +0000 2014	-14400	41 years of marching for life. This is #whywemarch: http://t.co/i19BBaFskR
Randy_Forbes	VA	R	house		Tue Jan 21 20:20:28 +0000 2014	-14400	Quick lunch w/ some of my Chesapeake staff. Grateful for the hard work they do to help those who come to our office http://t.co/PhFqrnt2EO
Randy_Forbes	VA	R	house		Tue Jan 21 18:17:59 +0000 2014	-14400	At Exelis Sonar &amp; Command Systems today. Good to hear their perspective on issues like the economy &amp; #sequestration http://t.co/XYkRzSSHI8
Randy_Forbes	VA	R	house		Tue Jan 21 17:28:12 +0000 2014	-14400	Visiting the employees at Exelis Sonar and Command Systems in Chesapeake this morning http://t.co/FphpN6wqOg
Randy_Forbes	VA	R	house		Wed Jan 15 22:16:58 +0000 2014	-14400	Thankful the F-18 pilot whose plane crashed off Va Beach today is safe. Grateful to those wearing this nations uniform who are at risk daily
Randy_Forbes	VA	R	house		Wed Jan 15 18:31:18 +0000 2014	-14400	Thanks to Rep Nobuo Kishi, Parliamentary Senior Vice Minister for Foreign Affairs for making time to meet w/ me http://t.co/LAj9LomY30
Randy_Forbes	VA	R	house		Wed Jan 15 15:49:31 +0000 2014	-14400	Foggy morning here on #CapitolHill. The beauty of this building never gets old http://t.co/3yKsmH1y0b
Randy_Forbes	VA	R	house		Tue Jan 14 22:31:48 +0000 2014	-14400	Worked to pull together a Seapower &amp; Foreign Affairs Subcommittee joint hearing today on China's maritime disputes http://t.co/1w5d0kuPZ3
Randy_Forbes	VA	R	house		Tue Jan 14 21:22:21 +0000 2014	-14400	Who can better decide a violation of conscience for Little Sisters of the Poor: the Administration or the nuns? http://t.co/v9FSasS4fw
Randy_Forbes	VA	R	house		Tue Jan 14 14:29:47 +0000 2014	-14400	As we start the new year, what priorities do you believe Congress should focus on? Take my poll: http://t.co/2u4ohACsoO
Randy_Forbes	VA	R	house	loudobbsnews	Thu Jan 09 22:04:01 +0000 2014	-14400	Joining @loudobbsnews at 7:10 pm tonight - be sure to tune in: http://t.co/OWoB7RiGvJ
Randy_Forbes	VA	R	house		Thu Jan 09 21:31:05 +0000 2014	-14400	Last night, Jim Holland made history by being unanimously voted 1st African American chairman of Chesterfield County Board of Supervisors
Randy_Forbes	VA	R	house		Thu Jan 09 18:18:21 +0000 2014	-14400	Thank you to Emily Hardison of Suffolk for her example: cerebral palsy hasnt stopped her working towards her dreams http://t.co/jfQOBctgce
Randy_Forbes	VA	R	house		Mon Jan 06 14:50:37 +0000 2014	-14400	James House in Hopewell reaches 25 years of helping local abuse survivors. Proud of the wonderful work they are doing http://t.co/CDEeYQl4kI
Randy_Forbes	VA	R	house		Sun Jan 05 21:35:37 +0000 2014	-14400	Protect yourself from identity theft: opt out of prescreened credit card offers at 1-888-5-OPTOUT. More tips here: http://t.co/2z4kYD7iPi
Randy_Forbes	VA	R	house		Sat Jan 04 20:10:23 +0000 2014	-14400	Throughout 2014, our beautiful National Parks will offer free admission on certain days. Mark your calendar: http://t.co/Yfmlu12VBf
Randy_Forbes	VA	R	house		Fri Jan 03 17:18:51 +0000 2014	-14400	Get your personal info + financial documents organized for the new year w/ this organizational toolkit: http://t.co/ocQQpq7nl0
Randy_Forbes	VA	R	house		Thu Jan 02 15:05:18 +0000 2014	-14400	The danger of eroding our defense budget stretches beyond the battlefield. Read more of my thoughts here: http://t.co/yWzEM131gF
Randy_Forbes	VA	R	house		Wed Jan 01 05:05:45 +0000 2014	-14400	Happy New Year to you and yours. Wishing you all the best in 2014.
Randy_Forbes	VA	R	house		Tue Dec 31 18:14:30 +0000 2013	-14400	92 year old Marie Hill is an inspiring reminder of what can be achieved when you aim high &amp; refuse to be defeated http://t.co/E9LoaraMv1
Randy_Forbes	VA	R	house		Wed Dec 25 14:45:34 +0000 2013	-14400	Wishing you and your family a blessed Christmas Day.
Randy_Forbes	VA	R	house		Mon Dec 23 21:50:30 +0000 2013	-14400	A smile to a stranger. A letter for a servicemember far from home. Here are a few ways to spread joy this Christmas: http://t.co/gU9xaJv3oY
Randy_Forbes	VA	R	house		Mon Dec 23 15:01:31 +0000 2013	-14400	This Christmas, as we reflect on all we have to be thankful for, what are the blessings of our nation that make you the most grateful?
Randy_Forbes	VA	R	house		Sat Dec 21 16:31:06 +0000 2013	-14400	Where do you stand on the NSA’s collection of telephony metadata? Take my weekly poll, here: http://t.co/LYfxIeyucV
Randy_Forbes	VA	R	house		Fri Dec 20 15:54:39 +0000 2013	-14400	Blessed to be able to be a part of the 9th Annual Kidz Kruz event – it’s what Christmas is all about http://t.co/I8qgIEHGbg
Randy_Forbes	VA	R	house		Fri Dec 20 14:15:05 +0000 2013	-14400	Cosponsored bipartisan bill to restore full cost-of-living adjustment for military retirees. Congress must act to honor those who serve.
Randy_Forbes	VA	R	house	RepWOLFPress	Thu Dec 19 21:00:14 +0000 2013	-14400	@RepWOLFPress announces his retirement next year... It's been a privilege to serve w/ him &amp; an honor to have him as a mentor &amp; friend.
Randy_Forbes	VA	R	house		Thu Dec 19 15:38:25 +0000 2013	-14400	Better use of tax $: unused campaign funds or medical research for children? http://t.co/tIZIfJyK9R Learn more, here: http://t.co/qZuShDkTdB
Randy_Forbes	VA	R	house	BobMcDonnell,timkaine,RepJeffMiller,HDLtweets,RobWittman,jfradioshow	Wed Dec 18 15:04:43 +0000 2013	-14400	Big thank you to @BobMcDonnell @timkaine @RepJeffMiller @HDLtweets &amp; @RobWittman for joining me on @jfradioshow today http://t.co/vW1BA1XUPD
Randy_Forbes	VA	R	house	BobMcDonnell,jfradioshow	Wed Dec 18 14:25:49 +0000 2013	-14400	@BobMcDonnell live on @jfradioshow with me now, discussing the biggest challenges facing Virginia. Thanks for your time Governor.
Randy_Forbes	VA	R	house	RepJeffMiller,jfradioshow	Wed Dec 18 13:42:59 +0000 2013	-14400	Talking about everything from Christmas movies to veterans issues with @RepJeffMiller on @jfradioshow right now. Thanks for joining me Jeff.
Randy_Forbes	VA	R	house	timkaine	Wed Dec 18 12:46:03 +0000 2013	-14400	Joining me now is @timkaine to discuss the budget &amp; bipartisanship. Listen on WHKT AM 1650 or online: http://t.co/UkynRSUlH0
Randy_Forbes	VA	R	house	timkaine,Randy_Forbes,jfradioshow	Wed Dec 18 12:41:31 +0000 2013	-14400	RT @timkaine: In 5 minutes I’ll join @Randy_Forbes on the @jfradioshow to discuss the budget &amp; bipartisanship – listen live! http://t.co/Tw…
Randy_Forbes	VA	R	house	jfradioshow	Wed Dec 18 12:29:59 +0000 2013	-14400	Taking callers on @jfradioshow at 8:15am to answer: what's the greatest Christmas movie of all time? Let us hear from you: 757-454-1650
Randy_Forbes	VA	R	house	HDLtweets,jfradioshow	Wed Dec 18 12:17:53 +0000 2013	-14400	Tonya Mallory, CEO &amp; Cofounder of @HDLtweets is on live with me on @jfradioshow right now, discussing the latest innovations in #healthcare
Randy_Forbes	VA	R	house	RobWittman,jfradioshow	Wed Dec 18 12:06:53 +0000 2013	-14400	Thanks to @RobWittman for joining me on @jfradioshow to talk about military readiness &amp; the impact of sequestration, as I guest host today
Randy_Forbes	VA	R	house	jfradioshow	Wed Dec 18 12:04:57 +0000 2013	-14400	Live as guest host on the @jfradioshow until 10 AM. Be sure to tune in http://t.co/zYsAvgS9fA
Randy_Forbes	VA	R	house	jfradioshow	Tue Dec 17 14:15:59 +0000 2013	-14400	Looking forward to guest hosting @jfradioshow from 6-10AM tmrw.Tune in: we'll be talking about everything from gridlock in DC to healthcare.
Randy_Forbes	VA	R	house		Sun Dec 15 15:01:46 +0000 2013	-14400	Today, one of the most foundational safeguards of our freedom was born. Honor Bill of Rights Day by reading the text: http://t.co/bYgZMrgZCI
Randy_Forbes	VA	R	house		Fri Dec 13 21:44:27 +0000 2013	-14400	Praying for those injured in the Colorado high school shooting, and for the families right now.
Randy_Forbes	VA	R	house		Fri Dec 13 21:29:21 +0000 2013	-14400	Happy 377th birthday to the United States National Guard. Thank you to its brave members for their service http://t.co/ZurloTSqC7
Randy_Forbes	VA	R	house		Thu Dec 12 15:28:00 +0000 2013	-14400	RT to join me in standing w/ #PastorSaeed &amp; urging the President &amp; State Dept to take action now to #SaveSaeed http://t.co/yrypkfq6cY
Randy_Forbes	VA	R	house	AEI,Randy_Forbes,michaelauslin,WSJ	Thu Dec 12 15:24:29 +0000 2013	-14400	RT @AEI: "A world without a strong America is not naturally inclined to peace." @Randy_Forbes &amp; @MichaelAuslin in @WSJ  http://t.co/IqxE5jJ…
Randy_Forbes	VA	R	house	RegentU	Tue Dec 10 17:56:27 +0000 2013	-14400	Honored to speak at @RegentU Executive Leadership series. Choose well the kind of leader you will be http://t.co/8kyx2wBVay
Randy_Forbes	VA	R	house		Fri Dec 06 15:15:19 +0000 2013	-14400	Congrats to Newport News Shipbuilding as they celebrate the opening of a brand new Apprentice School building today.
Randy_Forbes	VA	R	house		Thu Dec 05 23:05:09 +0000 2013	-14400	Remembering the legacy of this great leader today, as the world grieves his passing. http://t.co/6hi1Ss66BF
Randy_Forbes	VA	R	house	loudobbsnews,Randy_Forbes,FoxBusiness	Thu Dec 05 22:23:18 +0000 2013	-14400	RT @loudobbsnews: Rep @Randy_Forbes says Obama WH must suggest Asian allies against China. He joins #LouDobbsTonight 7pm ET @FoxBusiness
Randy_Forbes	VA	R	house		Thu Dec 05 18:02:41 +0000 2013	-14400	Weekly poll: do you believe that the US is safer today than it was just 2-3 years ago? Weigh in here: http://t.co/nu6BLxnSXC
Randy_Forbes	VA	R	house		Thu Dec 05 14:21:00 +0000 2013	-14400	The math &amp;science performance of U.S. elementary &amp; secondary students lags behind their peers in many other nations: http://t.co/Vf5xdhgUnI
Randy_Forbes	VA	R	house		Tue Dec 03 19:47:10 +0000 2013	-14400	This week marks the 150th anniversary of when the Statue of Freedom was placed on the top of the Capitol Dome in 1863 http://t.co/6frbb41thH
Randy_Forbes	VA	R	house		Tue Dec 03 16:19:26 +0000 2013	-14400	Federal debt held by the public is now approx 73% of GDP. Read my solutions: http://t.co/KBUnzwr5oH http://t.co/d9fPY4LNQH
Randy_Forbes	VA	R	house		Thu Nov 28 14:04:07 +0000 2013	-14400	Happy #Thanksgiving to you and your loved ones.
Randy_Forbes	VA	R	house		Wed Nov 27 14:01:31 +0000 2013	-14400	Worldwide, our servicemembers celebrate #Thanksgiving far from their homes &amp; families. Grateful for their sacrifices http://t.co/abzwp5DRZp
Randy_Forbes	VA	R	house		Tue Nov 26 19:18:50 +0000 2013	-14400	Every child deserves a loving and permanent family. RT to show your support for #NationalAdoptionMonth http://t.co/hp7Heq2fxw
Randy_Forbes	VA	R	house		Tue Nov 26 14:30:43 +0000 2013	-14400	150 years ago, Pres Lincoln declared a national day of thanksgiving. Fill in the blank: today, I'm grateful for our nation because _________
Randy_Forbes	VA	R	house		Mon Nov 25 22:16:23 +0000 2013	-14400	25.8 million people of all ages have diabetes. Are you or a loved one at risk? Know the facts: http://t.co/AHER6JwYcX #NationalDiabetesMonth
Randy_Forbes	VA	R	house	VSUTrojans	Mon Nov 25 17:49:30 +0000 2013	-14400	Thoughts and prayers w/ @VSUTrojans &amp; the family members of Eric Wilkins, after the tragic events last Thursday night.
Randy_Forbes	VA	R	house		Fri Nov 22 21:38:12 +0000 2013	-14400	LL Beazley Elementary in Prince George &amp; Carrsville Elementary in Isle of Wight - 2013 National Blue Ribbon Schools http://t.co/mBK6ux2NX7
Randy_Forbes	VA	R	house		Fri Nov 22 19:44:49 +0000 2013	-14400	Brain cancer. Breast cancer. Type1 Diabetes. These diseases &amp; more are being treated through adult stem cell research http://t.co/JvC9l6A3uI
Randy_Forbes	VA	R	house		Fri Nov 22 15:24:49 +0000 2013	-14400	Flags fly at half-staff today to commemorate the 50th anniversary of JFK's assassination http://t.co/G8MDCNPrOK
